MSISDN,Engagement Score,Experience Score,Satisfaction Score
MSISDN_0,0.4586129595005083,0.925205486340993,0.6919092229207506
MSISDN_1,0.1298065195748348,2.149217540830895,1.139512030202865
MSISDN_10,0.6167550173247786,0.9543026137683265,0.7855288155465525
MSISDN_100,0.1429324772942377,1.6097004923389222,0.87631648481658
MSISDN_101,0.10781333958289918,2.117132458010762,1.1124728987968306
MSISDN_102,0.367194066421473,0.7910284267744835,0.5791112465979782
MSISDN_103,0.14887407165452132,1.9144803400391703,1.0316772058468457
MSISDN_104,0.3168692998305641,2.3348364358941924,1.3258528678623782
MSISDN_105,0.6989011896439368,1.4337427303254748,1.0663219599847058
MSISDN_106,0.27955687552696457,1.3171438956898514,0.798350385608408
MSISDN_107,0.06880637112445494,0.6717698106473597,0.37028809088590736
MSISDN_108,0.546039736009492,1.8629111228712822,1.2044754294403872
MSISDN_109,0.34269134772181103,1.8017904903567346,1.0722409190392728
MSISDN_11,0.41138397935546644,1.6997844078026012,1.0555841935790338
MSISDN_110,0.06388591527047288,3.4122224998711537,1.7380542075708132
MSISDN_111,0.6085713150992886,1.923500421354656,1.2660358682269723
MSISDN_112,0.10631318077862069,3.731812136494063,1.9190626586363417
MSISDN_113,0.10986151535745656,1.4570145043922014,0.7834380098748289
MSISDN_114,0.0564219233977091,1.7826463182950356,0.9195341208463723
MSISDN_115,0.15858512156778895,1.7730904586909335,0.9658377901293612
MSISDN_116,0.06524241405388494,2.060161620393203,1.062702017223544
MSISDN_117,0.33322046535007305,2.2505600543578845,1.2918902598539788
MSISDN_118,0.22723373521489768,0.9496162076363369,0.5884249714256173
MSISDN_119,0.11205127402391268,1.9050074348673376,1.008529354445625
MSISDN_12,0.17353060810282625,1.007159241730282,0.5903449249165541
MSISDN_120,0.5452069628095255,2.1306115453229126,1.337909254066219
MSISDN_121,0.35644845197870245,3.0154635234415106,1.6859559877101065
MSISDN_122,0.07893732378580082,2.1110357967602447,1.0949865602730227
MSISDN_123,0.3257810647293444,0.38906811377700656,0.3574245892531755
MSISDN_124,0.7048797538478485,2.082279442754683,1.3935795983012658
MSISDN_125,0.27678561134304347,2.436540572675264,1.3566630920091538
MSISDN_126,0.25911371631694724,2.2484897132743793,1.2538017147956633
MSISDN_127,0.20771801564116543,4.028315802079825,2.118016908860495
MSISDN_128,0.36065211985883594,1.9070013990723103,1.133826759465573
MSISDN_129,0.5238198094302773,1.4422891101541753,0.9830544597922263
MSISDN_13,0.4340476982648544,1.3079321780383633,0.8709899381516089
MSISDN_130,0.23681432793107918,2.3595331116055567,1.2981737197683179
MSISDN_131,0.11557858824062123,1.2962071908941097,0.7058928895673655
MSISDN_132,0.203552395087539,1.4355629673091794,0.8195576811983593
MSISDN_133,0.16528574122291767,2.0735839843808677,1.1194348628018926
MSISDN_134,0.10346047277892491,2.317702731351931,1.210581602065428
MSISDN_135,0.6021015457148906,2.2041865433736914,1.403144044544291
MSISDN_136,0.4737342671558517,1.6805895839078973,1.0771619255318745
MSISDN_137,0.14557524350517254,2.703839022754144,1.4247071331296581
MSISDN_138,0.15142844072544154,2.1116931463191313,1.1315607935222864
MSISDN_139,0.6753298095783652,1.411195532581784,1.0432626710800745
MSISDN_14,0.40523585527292766,1.8525698803353092,1.1289028678041184
MSISDN_140,0.6106966735291843,1.5225899699227967,1.0666433217259905
MSISDN_141,0.07113460819560298,1.902290008495962,0.9867123083457825
MSISDN_142,0.21530721363300212,2.766078531358361,1.4906928724956816
MSISDN_143,0.29278941533961284,0.7285646725935506,0.5106770439665818
MSISDN_144,0.29756736216601515,1.6968198209617622,0.9971935915638886
MSISDN_145,0.1759494518421448,2.6111842787597537,1.3935668653009492
MSISDN_146,0.610947699939155,0.43015287266526014,0.5205502863022076
MSISDN_147,0.12239650004978576,2.2175267815428996,1.1699616407963427
MSISDN_148,0.5145087934878025,1.3707127066613096,0.9426107500745561
MSISDN_149,0.4493758732955401,1.9529194144099222,1.201147643852731
MSISDN_15,0.7755683756622586,1.2671486099013411,1.0213584927817998
MSISDN_150,0.579267737206734,2.6287275243337964,1.6039976307702652
MSISDN_151,0.719844947001909,0.5497474828037454,0.6347962149028272
MSISDN_152,0.15063872135058373,1.7920134777155308,0.9713260995330573
MSISDN_153,0.20299197594470572,3.2855095544166155,1.7442507651806607
MSISDN_154,0.05478843581507521,2.4173672160559625,1.236077825935519
MSISDN_155,0.4546544859884223,1.8301263526786489,1.1423904193335357
MSISDN_156,0.2135464550970957,1.2125937679387824,0.713070111517939
MSISDN_157,0.3925082572412566,2.488381248922007,1.4404447530816318
MSISDN_158,0.24737124661710816,0.5181932779088357,0.38278226226297196
MSISDN_159,0.07071960707631769,2.7209281860235675,1.3958238965499425
MSISDN_16,0.06080908599144635,1.3856306849894133,0.7232198854904298
MSISDN_160,0.45723203543150637,0.5900566388124002,0.5236443371219532
MSISDN_161,0.22000591451482726,1.113850326348288,0.6669281204315576
MSISDN_162,0.2952393806147754,2.961648867702061,1.6284441241584182
MSISDN_163,0.27250920429740744,1.052959103002031,0.6627341536497193
MSISDN_164,0.4078884318544063,1.8133406733698474,1.110614552612127
MSISDN_165,0.6637326105105108,1.9875910812370943,1.3256618458738025
MSISDN_166,0.09951154272121929,3.376485961690522,1.7379987522058706
MSISDN_167,0.214469493130603,1.5478124414112653,0.8811409672709342
MSISDN_168,0.3139293754807736,0.7040153130804586,0.5089723442806161
MSISDN_169,0.3840235954699756,2.025247842145682,1.2046357188078287
MSISDN_17,0.08255995106392787,1.4860868207307139,0.7843233858973209
MSISDN_170,0.2919927873308691,1.748859036705251,1.02042591201806
MSISDN_171,0.3511300974144123,1.7797989732635018,1.0654645353389571
MSISDN_172,0.029538706912134248,1.1212339258114845,0.5753863163618094
MSISDN_173,0.418369816705115,2.129032199742874,1.2737010082239943
MSISDN_174,0.4165444102298838,0.7187327095987505,0.5676385599143171
MSISDN_175,0.07342429439883115,3.6403346329211055,1.8568794636599684
MSISDN_176,0.2916702726270941,2.6426260579139385,1.4671481652705163
MSISDN_177,0.2554516725841857,1.911946879173707,1.0836992758789463
MSISDN_178,0.28961414619787623,1.7342101815552227,1.0119121638765494
MSISDN_179,0.346053011793301,2.228214034728379,1.28713352326084
MSISDN_18,0.36160537955278266,0.632814519684974,0.4972099496188783
MSISDN_180,0.4240516603564825,1.734953958817049,1.0795028095867658
MSISDN_181,0.8686119576663128,0.8063796456917681,0.8374958016790405
MSISDN_182,0.1326332859726562,3.0474342414731854,1.5900337637229207
MSISDN_183,0.29857808771998107,1.14983360384108,0.7242058457805305
MSISDN_184,0.13337676715110183,3.2662978998614616,1.6998373335062817
MSISDN_185,0.8069756046210492,0.7197617814466737,0.7633686930338615
MSISDN_186,0.07651411514535299,1.171600745087797,0.624057430116575
MSISDN_187,0.14514856702589318,2.3847583176236395,1.2649534423247664
MSISDN_188,0.18464069577347955,1.1869913441211248,0.6858160199473022
MSISDN_189,0.3745263498694907,1.629134643900661,1.001830496885076
MSISDN_19,0.0399001951205928,2.063281950932231,1.051591073026412
MSISDN_190,0.3190472348010087,1.4378288301609128,0.8784380324809608
MSISDN_191,0.3681218117701305,0.7560107067647147,0.5620662592674226
MSISDN_192,0.4648309178485654,2.1370637803279915,1.3009473490882784
MSISDN_193,0.05892040365667487,1.8547733213112756,0.9568468624839752
MSISDN_194,0.07017456137343069,1.6216805921436708,0.8459275767585507
MSISDN_195,1.3183311926649421,1.081714658540366,1.2000229256026542
MSISDN_196,0.11271624287475446,4.0397051759101865,2.0762107093924707
MSISDN_197,0.545098828007213,2.6138733907510656,1.5794861093791392
MSISDN_198,0.44564457725214585,1.5710743072355504,1.0083594422438482
MSISDN_199,0.2043509045880512,3.1087457730555847,1.656548338821818
MSISDN_2,0.07455265810439096,0.9507788422533845,0.5126657501788877
MSISDN_20,0.39617516956107895,3.270358700660479,1.8332669351107789
MSISDN_200,0.4898563446564828,1.5669243595084135,1.0283903520824482
MSISDN_201,0.2220319898939109,1.5205797262019538,0.8713058580479324
MSISDN_202,0.1670865038699357,1.4123825322496544,0.789734518059795
MSISDN_203,0.07272966702279307,2.6515942981545186,1.362161982588656
MSISDN_204,0.15326354359075586,2.3189103906791355,1.2360869671349457
MSISDN_205,0.40443922243111846,1.273911204375703,0.8391752134034107
MSISDN_206,0.16357960940900207,2.1556393867001358,1.1596094980545688
MSISDN_207,0.329383903522371,1.5639285969345598,0.9466562502284654
MSISDN_208,0.85423222781957,0.12936984606119564,0.4918010369403828
MSISDN_209,0.15476700334416071,1.285464957057528,0.7201159802008443
MSISDN_21,0.2547023905351928,3.1038558349306657,1.6792791127329292
MSISDN_210,0.6237859187893944,0.5448222265252677,0.584304072657331
MSISDN_211,0.09776055231466582,1.591179379063344,0.8444699656890049
MSISDN_212,0.1674995640877335,1.132298714495007,0.6498991392913702
MSISDN_213,0.07434693351468466,1.6602489256170616,0.8672979295658731
MSISDN_214,0.21248164519753884,0.7123347945780493,0.46240821988779407
MSISDN_215,0.46655481869268917,0.8071557795099552,0.6368552991013222
MSISDN_216,0.2562036565209641,2.198084115221297,1.2271438858711305
MSISDN_217,0.31837226692023385,0.7484675889437161,0.533419927931975
MSISDN_218,0.03351232257874828,1.9074006145223985,0.9704564685505734
MSISDN_219,0.06267940860924844,1.7781579298860668,0.9204186692476576
MSISDN_22,0.10454429825655992,4.1102185888403335,2.1073814435484466
MSISDN_220,0.36171821243394725,2.136823537608824,1.2492708750213855
MSISDN_221,0.10692794584140693,1.62141953919099,0.8641737425161985
MSISDN_222,0.19348573724188695,2.9094553295067787,1.5514705333743328
MSISDN_223,0.5724201268317898,2.278428416455051,1.4254242716434202
MSISDN_224,0.4209386030974403,2.2494253860162976,1.335181994556869
MSISDN_225,0.18541355436497628,2.6340552150078445,1.4097343846864103
MSISDN_226,0.06765371850571579,2.1025716935112033,1.0851127060084595
MSISDN_227,0.7350075888220102,1.7697945368385164,1.2524010628302633
MSISDN_228,0.09891986080254019,0.9344033806023099,0.516661620702425
MSISDN_229,0.0956576203495649,1.235522717705521,0.665590169027543
MSISDN_23,0.024215260528520546,1.890861787079661,0.9575385238040908
MSISDN_230,0.6307243152634002,1.0563655280825033,0.8435449216729518
MSISDN_231,0.7094131630637988,2.080541010920082,1.3949770869919402
MSISDN_232,0.22742670298891376,1.8093672429379506,1.0183969729634321
MSISDN_233,0.19275283230545648,2.588946693638517,1.3908497629719867
MSISDN_234,0.25755251801858214,2.1727971624231484,1.2151748402208653
MSISDN_235,0.198594432047402,1.1116617970327562,0.6551281145400791
MSISDN_236,0.07105695538008962,4.485604963639874,2.2783309595099817
MSISDN_237,0.13271541756775337,0.7478392969176784,0.4402773572427159
MSISDN_238,0.12498019230814202,1.0408465089335868,0.5829133506208644
MSISDN_239,0.2395945844963817,0.830495404172809,0.5350449943345954
MSISDN_24,0.3114520811523238,0.556255733977626,0.4338539075649749
MSISDN_240,0.540221474038375,1.5278440889149565,1.0340327814766657
MSISDN_241,0.121906855214004,2.7197096985038196,1.4208082768589119
MSISDN_242,0.05076423543103512,2.014782427978751,1.032773331704893
MSISDN_243,0.45540926313594976,0.8073328792466872,0.6313710711913185
MSISDN_244,0.3636746575858551,2.941118403500467,1.6523965305431612
MSISDN_245,0.15774099952461443,1.043921928160907,0.6008314638427606
MSISDN_246,0.19428522092379316,3.072512413987855,1.633398817455824
MSISDN_247,0.1297068644248601,3.4646710124737767,1.7971889384493185
MSISDN_248,0.16167544828954372,1.7701834407716617,0.9659294445306027
MSISDN_249,0.5657439196359684,1.226925464680979,0.8963346921584737
MSISDN_25,0.34488570065503477,1.186103551779964,0.7654946262174994
MSISDN_250,0.11914962144400808,1.3706626178880628,0.7449061196660354
MSISDN_251,0.0947372409361894,2.640553483097836,1.3676453620170128
MSISDN_252,0.05037048558593917,2.560622151124785,1.305496318355362
MSISDN_253,0.02942318266253861,1.1208764863530631,0.5751498345078009
MSISDN_254,1.0282440078336144,1.431898603561206,1.2300713056974102
MSISDN_255,0.3405171744613496,2.1838597655481315,1.2621884700047405
MSISDN_256,0.9611892972061882,1.1369292054375402,1.0490592513218642
MSISDN_257,0.15847198626640654,3.5488089854369296,1.853640485851668
MSISDN_258,0.09031373068574794,3.794365204466002,1.942339467575875
MSISDN_259,0.2073272609460126,2.489140636610756,1.3482339487783843
MSISDN_26,0.1950400035929862,0.4950471383452654,0.3450435709691258
MSISDN_260,0.372282910536377,1.0277217231695983,0.7000023168529876
MSISDN_261,0.19768160148277172,4.595410751953975,2.396546176718373
MSISDN_262,0.054304016395392125,1.8163436303749179,0.935323823385155
MSISDN_263,0.5878121757907655,1.012196216571968,0.8000041961813668
MSISDN_264,0.2765165350301195,1.9226152156894671,1.0995658753597932
MSISDN_265,0.02963273332533166,2.4876343816345377,1.2586335574799346
MSISDN_266,0.26370971476304716,0.4093673814324327,0.3365385480977399
MSISDN_267,0.03496705939506351,1.7919910130742613,0.9134790362346624
MSISDN_268,0.12221721554275888,1.9540518718791198,1.0381345437109393
MSISDN_269,0.3101168535590995,2.110777668631464,1.210447261095282
MSISDN_27,0.5940168864276526,0.5878296262204256,0.5909232563240391
MSISDN_270,0.21122403434180412,2.6741107339770736,1.4426673841594388
MSISDN_271,0.22124985122744614,2.3394759345834073,1.2803628929054267
MSISDN_272,0.4190538469678709,2.7203748766721163,1.5697143618199936
MSISDN_273,0.16435946600236712,1.614459214688859,0.889409340345613
MSISDN_274,0.5256413450468105,1.1548719718735652,0.8402566584601878
MSISDN_275,0.1196192153163834,1.8043444376279532,0.9619818264721682
MSISDN_276,0.4659394459180573,1.842695280693755,1.1543173633059063
MSISDN_277,0.33073203193737466,1.8755781777378366,1.1031551048376056
MSISDN_278,0.07662021067003388,1.8638226985718453,0.9702214546209396
MSISDN_279,0.030209448248630623,2.99161652142302,1.5109129848358254
MSISDN_28,0.2662248796397168,1.733368594081193,0.9997967368604549
MSISDN_280,0.03671204016145759,1.3925748340046284,0.714643437083043
MSISDN_281,0.2533779744960095,1.7570161401144209,1.0051970573052151
MSISDN_282,0.3183743905391803,1.9382328864409313,1.1283036384900558
MSISDN_283,0.31206523500998085,1.516023216490163,0.9140442257500719
MSISDN_284,0.45008869210426566,2.590922566411212,1.5205056292577388
MSISDN_285,0.4277041440074252,2.945336753247746,1.6865204486275855
MSISDN_286,0.24022362036377073,0.9889052089522207,0.6145644146579957
MSISDN_287,0.18106633005793893,1.5081519666299026,0.8446091483439208
MSISDN_288,0.6374494518413852,1.8640035918520819,1.2507265218467336
MSISDN_289,0.15023957528343906,3.725966793002854,1.9381031841431466
MSISDN_29,0.27247949640563646,1.8230482503656424,1.0477638733856394
MSISDN_290,0.42640496553499574,1.6422459103342053,1.0343254379346005
MSISDN_291,0.12073069786412148,3.5270186534079313,1.8238746756360265
MSISDN_292,0.1893035112267,1.5073182557187343,0.8483108834727172
MSISDN_293,0.4167209639312374,1.3745432197295135,0.8956320918303755
MSISDN_294,0.616137213825689,1.3057460074361131,0.960941610630901
MSISDN_295,0.2387178704429461,2.1204452991753837,1.1795815848091649
MSISDN_296,0.022829790615291775,2.6760939580347296,1.3494618743250106
MSISDN_297,0.10142320252489788,0.7609624782272006,0.43119284037604927
MSISDN_298,0.15205188599609348,2.0671302302712578,1.1095910581336756
MSISDN_299,0.3985906650421332,1.4623611033010735,0.9304758841716033
MSISDN_3,0.3112442363968705,1.494357728678636,0.9028009825377532
MSISDN_30,0.09472238419930254,2.2495076110271652,1.172114997613234
MSISDN_300,0.21131158744385412,1.3842270917188575,0.7977693395813558
MSISDN_301,0.6042212521149902,1.342158580482339,0.9731899162986646
MSISDN_302,0.46655367791030317,1.4541108357591237,0.9603322568347135
MSISDN_303,0.3354752489660448,2.135300662385983,1.235387955676014
MSISDN_304,0.1971238426144204,2.2252889675045773,1.2112064050594988
MSISDN_305,0.8240357908193814,2.4547473213874365,1.639391556103409
MSISDN_306,0.07474294645071153,1.210152722242722,0.6424478343467167
MSISDN_307,0.5847921387419872,1.0281868627944617,0.8064895007682245
MSISDN_308,0.34175405878184373,1.8635315380416062,1.102642798411725
MSISDN_309,0.7746503563324036,0.41885321032245126,0.5967517833274274
MSISDN_31,0.3171170054297741,0.6292588781921962,0.4731879418109851
MSISDN_310,0.2956386481861802,1.8676792398879227,1.0816589440370514
MSISDN_311,0.12143329796403221,2.878778012369198,1.5001056551666152
MSISDN_312,0.09616446418212192,2.392687918068979,1.2444261911255505
MSISDN_313,0.10040272692004483,3.3232929845530825,1.7118478557365637
MSISDN_314,0.16058904710326602,2.9467342107923864,1.5536616289478262
MSISDN_315,0.061827077640034825,2.115866865391862,1.0888469715159486
MSISDN_316,0.5862997769816601,1.9266001196781732,1.2564499483299167
MSISDN_317,0.0626153255019765,2.6149905849683392,1.338802955235158
MSISDN_318,0.41450041588811887,2.196193368185231,1.3053468920366749
MSISDN_319,0.6782861445227366,1.5455830133388484,1.1119345789307924
MSISDN_32,0.24109437580025392,2.436364175764175,1.3387292757822145
MSISDN_320,0.08770096086587101,3.8874797679936512,1.9875903644297612
MSISDN_321,0.06987570903348782,1.6438692824317838,0.8568724957326358
MSISDN_322,0.9263518080706205,1.7075283827011907,1.3169400953859056
MSISDN_323,0.184396564542047,2.5619236440421953,1.373160104292121
MSISDN_324,0.08597003694120127,1.4304597835091397,0.7582149102251705
MSISDN_325,0.19311499413856634,2.48172486269368,1.337419928416123
MSISDN_326,0.5641559784205512,1.3131235453076018,0.9386397618640765
MSISDN_327,0.5822703596604817,1.190925146560007,0.8865977531102444
MSISDN_328,0.5811977184261061,2.126905289729522,1.354051504077814
MSISDN_329,0.18836795592176517,1.8104882181816555,0.9994280870517104
MSISDN_33,0.2970209099323896,1.8361584951214416,1.0665897025269155
MSISDN_330,0.365876980580043,0.7301855997687638,0.5480312901744034
MSISDN_331,0.058672380832981805,1.257513941216352,0.658093161024667
MSISDN_332,0.4623295077163147,2.445207280838638,1.4537683942774764
MSISDN_333,0.9925097785402677,0.709412734072444,0.8509612563063558
MSISDN_334,0.09096782262087892,2.219667251639615,1.155317537130247
MSISDN_335,0.7094276492737108,1.5475223406342435,1.1284749949539772
MSISDN_336,0.44529550216940256,1.5893893897725457,1.0173424459709741
MSISDN_337,0.10238271566408887,1.5007880498619717,0.8015853827630303
MSISDN_338,0.5336564986284416,1.4860173134092496,1.0098369060188457
MSISDN_34,0.46551630996023274,1.2422657805931148,0.8538910452766737
MSISDN_340,0.11214870299902463,2.8867594671777757,1.4994540850884002
MSISDN_341,0.21798931052422224,0.4728617401766343,0.34542552535042825
MSISDN_342,0.40201357634952145,1.3285728874565461,0.8652932319030338
MSISDN_343,0.35724488362432855,1.3598294266703328,0.8585371551473306
MSISDN_344,0.4179209504131533,1.9130126744717544,1.1654668124424539
MSISDN_345,0.16754589090043356,0.6871865172415496,0.4273662040709916
MSISDN_346,0.3001877648041183,1.830613528163458,1.0654006464837882
MSISDN_347,0.10598982257945924,2.054847197417163,1.0804185099983112
MSISDN_348,0.23638513305832176,1.0182978768475688,0.6273415049529453
MSISDN_349,0.3740104099364238,2.2480291598494393,1.3110197848929315
MSISDN_35,0.279892808165615,1.1190027764843404,0.6994477923249778
MSISDN_350,0.312306710248964,2.2802899402766945,1.2962983252628293
MSISDN_351,0.4498507354751571,1.5992056813801698,1.0245282084276635
MSISDN_352,0.13358659966699385,2.5503132209694197,1.3419499103182069
MSISDN_353,0.5761684509822125,2.1846211252066388,1.3803947880944256
MSISDN_354,0.32429927570796246,1.4935598293821344,0.9089295525450485
MSISDN_355,0.20571537199398882,3.9469296351086713,2.07632250355133
MSISDN_356,0.113791222204486,1.966426175463427,1.0401086988339565
MSISDN_357,0.5437448887116211,2.2821798829159747,1.4129623858137978
MSISDN_358,0.475621574421354,1.045731899592071,0.7606767370067125
MSISDN_359,0.8537851773502694,1.4486376466084194,1.1512114119793444
MSISDN_36,0.1462772863897845,1.1746456445604838,0.6604614654751342
MSISDN_360,0.596149423464218,1.8959524211085295,1.2460509222863738
MSISDN_361,0.2347769310141043,0.5714879285994717,0.403132429806788
MSISDN_362,0.2908106229274607,1.4246168462360207,0.8577137345817407
MSISDN_363,0.12053284602989887,1.651432502009558,0.8859826740197284
MSISDN_364,0.1497574792944591,1.2159398184585202,0.6828486488764897
MSISDN_365,0.2690199906229302,1.744596068082797,1.0068080293528636
MSISDN_366,0.4323474456381047,0.8875915372997611,0.6599694914689329
MSISDN_367,0.08474969567950763,2.773422209306243,1.4290859524928754
MSISDN_368,0.4083213325785203,1.6518520054700179,1.0300866690242692
MSISDN_369,0.08479973832608578,1.8025780387529293,0.9436888885395076
MSISDN_37,0.22375839365558997,0.8848875378303043,0.5543229657429471
MSISDN_370,0.8440267458478501,0.5508039994343925,0.6974153726411213
MSISDN_371,0.3284246858711778,0.9459260789712846,0.6371753824212312
MSISDN_372,0.15823836106806116,0.667322026196017,0.4127801936320391
MSISDN_373,1.4648397621228613,1.598282171228191,1.531560966675526
MSISDN_374,0.22467984457704698,1.5273241372137114,0.8760019908953792
MSISDN_375,0.5312908546921564,1.3368921847473025,0.9340915197197295
MSISDN_376,0.4948362109959822,1.9019942564713925,1.1984152337336873
MSISDN_377,0.3674168144251182,1.20819760586152,0.7878072101433191
MSISDN_378,0.32278302444786017,2.2515524523233146,1.2871677383855873
MSISDN_379,0.09534461572466796,3.192118963802254,1.643731789763461
MSISDN_38,0.1140349748999227,1.772759988605062,0.9433974817524924
MSISDN_380,0.08125042229560706,1.9784135898640334,1.0298320060798203
MSISDN_381,0.36358043060508755,2.3659954492240893,1.3647879399145884
MSISDN_382,0.04263081245809931,3.0922887838054995,1.5674597981317995
MSISDN_383,0.30804346649516834,2.366430085641248,1.3372367760682082
MSISDN_384,0.2885906280855336,3.5587938684089298,1.9236922482472316
MSISDN_385,0.07155868012888608,0.6576376902312818,0.36459818518008397
MSISDN_386,0.2236383589809249,1.984471844178401,1.104055101579663
MSISDN_387,0.311208275369511,1.5053129414252973,0.9082606083974041
MSISDN_388,0.6861361164846709,2.349967871021087,1.518051993752879
MSISDN_389,0.25059344510394466,1.4729861613339332,0.8617898032189389
MSISDN_39,0.116147119308505,2.4453689003708887,1.280758009839697
MSISDN_390,0.14215521199785297,3.2427184116667225,1.6924368118322877
MSISDN_391,0.4280093684156593,2.90215989691996,1.6650846326678095
MSISDN_392,0.621172277401895,1.84728396914613,1.2342281232740124
MSISDN_393,0.22680425761707415,1.6074825402574955,0.9171433989372848
MSISDN_394,0.2252797835911706,2.1093120165195853,1.167295900055378
MSISDN_395,0.2644954145831628,1.4578883624146715,0.8611918884989171
MSISDN_396,0.13798957179613003,1.442231369625544,0.7901104707108371
MSISDN_397,0.6049262368983195,2.0803692769046833,1.3426477569015014
MSISDN_398,0.39373427636887615,1.01096670522183,0.702350490795353
MSISDN_399,0.5227986124476292,1.006776189213648,0.7647874008306386
MSISDN_4,0.395140942585423,1.4516627943491354,0.9234018684672791
MSISDN_40,0.5028099285902146,1.9123190626069646,1.2075644955985896
MSISDN_400,0.23726662914490163,2.594179598585736,1.4157231138653188
MSISDN_401,0.8113771686809157,1.8092722317939762,1.3103247002374458
MSISDN_402,0.06465754397955495,1.2609379983001596,0.6627977711398573
MSISDN_403,0.414348799860578,1.134886815382491,0.7746178076215344
MSISDN_404,0.34300538865154273,1.525932501213434,0.9344689449324883
MSISDN_405,0.21819890389690139,2.298739739434186,1.2584693216655438
MSISDN_406,0.2711613358589089,0.8758529113222621,0.5735071235905855
MSISDN_407,0.24271078818948338,1.8625050580859803,1.0526079231377319
MSISDN_408,0.3769218013674514,2.859839286057476,1.6183805437124636
MSISDN_409,0.06705187507960823,1.4434237717078895,0.7552378233937489
MSISDN_41,0.6767480680391618,1.2035649291725752,0.9401564986058685
MSISDN_410,0.42026191646616423,3.252547338237544,1.8364046273518542
MSISDN_411,0.20520185403833002,3.8612451343178087,2.0332234941780696
MSISDN_412,0.18776446344392672,0.9842001346009692,0.5859822990224479
MSISDN_413,0.0920276442255068,0.6495730191213718,0.3708003316734393
MSISDN_414,0.22352444380580605,2.6627570205273217,1.443140732166564
MSISDN_415,0.1538396533552364,1.69447789984233,0.9241587765987832
MSISDN_416,0.40532622929772827,1.928601312217378,1.166963770757553
MSISDN_417,0.6988994138176817,1.3721060682703299,1.0355027410440059
MSISDN_418,0.3159270355955078,2.9877462083808997,1.6518366219882037
MSISDN_419,0.42531775444734726,1.5135973194290477,0.9694575369381975
MSISDN_42,0.3228839689160048,2.1142809666707736,1.2185824677933892
MSISDN_420,1.008033570140964,1.1845726789741744,1.0963031245575692
MSISDN_421,0.5298109849628254,0.9659639311746554,0.7478874580687405
MSISDN_422,0.4753160772930589,2.4641715040814067,1.4697437906872328
MSISDN_423,0.13405090864115093,2.997669666082782,1.5658602873619665
MSISDN_424,0.7416357773887825,1.0862158079431306,0.9139257926659565
MSISDN_425,0.38314799087768187,2.785105990324891,1.5841269906012865
MSISDN_426,0.6977986893388998,1.3451628835977867,1.0214807864683433
MSISDN_427,0.09400238634903439,2.0261962198334813,1.0600993030912578
MSISDN_428,0.20958339756687036,0.8633545393442488,0.5364689684555596
MSISDN_429,0.027028562783267266,3.7440896128773304,1.8855590878302988
MSISDN_43,0.7645391935077904,1.626988424668538,1.1957638090881642
MSISDN_430,0.055299491594085724,1.8936528719679628,0.9744761817810242
MSISDN_431,0.4895816363188665,2.6594117177879917,1.574496677053429
MSISDN_432,0.23997234425597191,1.1240176901356775,0.6819950171958247
MSISDN_433,0.13174544211294675,1.552365406008743,0.8420554240608449
MSISDN_434,0.8438611099743233,0.8268092883924019,0.8353351991833626
MSISDN_435,0.09697167556098839,3.4034419383946344,1.7502068069778114
MSISDN_436,0.45983336138977865,1.1447101407681706,0.8022717510789746
MSISDN_437,0.1955464477272179,5.853561616608376,3.024554032167797
MSISDN_438,0.6593547507172283,1.9066472427941412,1.2830009967556848
MSISDN_439,0.13452077445045446,4.165624543342982,2.1500726588967183
MSISDN_44,0.13896208111583216,0.4103474701904219,0.274654775653127
MSISDN_440,0.5941739594197537,0.9485145482612486,0.7713442538405011
MSISDN_441,0.07258419729552995,2.153303975094477,1.1129440861950035
MSISDN_442,0.1906733986680135,1.1379121198005073,0.6642927592342605
MSISDN_443,0.21312656066474,2.9624812259538427,1.5878038933092913
MSISDN_444,0.38832064872262656,2.300385387026896,1.3443530178747614
MSISDN_445,0.5240574365958723,1.388643664015399,0.9563505503056356
MSISDN_446,0.39282820594334034,1.8688808374103265,1.1308545216768335
MSISDN_447,0.5910967461341109,1.057739813538629,0.82441827983637
MSISDN_448,0.2130809912395501,1.6961520649226476,0.9546165280810989
MSISDN_449,0.10657184638072317,1.9093213425945694,1.0079465944876462
MSISDN_45,0.3500656650106606,1.0365866257188137,0.6933261453647371
MSISDN_450,0.048362754714711145,1.5092996247911814,0.7788311897529463
MSISDN_451,0.06995890854550833,0.7581454063559823,0.4140521574507453
MSISDN_452,0.13259849251245187,2.53085306008038,1.3317257762964159
MSISDN_453,0.7049023132784576,1.715089873940798,1.209996093609628
MSISDN_454,0.6517834775643201,1.1252690693222684,0.8885262734432943
MSISDN_455,0.04132496061804521,3.270484603691359,1.655904782154702
MSISDN_456,0.18291963571568,3.8866621603015,2.03479089800859
MSISDN_457,0.19685703160687143,3.281780932364043,1.739318981985457
MSISDN_458,0.3285563644847597,0.7418276378703814,0.5351920011775706
MSISDN_459,0.16378348859402542,1.137734751570949,0.6507591200824873
MSISDN_46,0.09876369713780751,2.233276473001583,1.1660200850696951
MSISDN_460,0.2738230840005447,1.8297703520256328,1.0517967180130887
MSISDN_461,0.05590253364201149,2.5638069309062663,1.309854732274139
MSISDN_462,0.36831782354146947,2.054348614899681,1.2113332192205752
MSISDN_463,0.3212521586025552,2.6752485475908268,1.498250353096691
MSISDN_464,1.456584411995429,1.766132228119177,1.611358320057303
MSISDN_465,0.781532943830036,1.833132223325309,1.3073325835776726
MSISDN_466,0.243916613523402,0.5149061650854383,0.37941138930442014
MSISDN_467,0.16039553915542828,3.754552381058993,1.9574739601072106
MSISDN_468,0.2796976370581582,0.8680439032730064,0.5738707701655823
MSISDN_469,0.48572421776100755,1.3618029454908187,0.9237635816259131
MSISDN_47,0.43366730536965714,1.7481849287739224,1.0909261170717897
MSISDN_470,0.2503038047439226,3.0119849767639164,1.6311443907539196
MSISDN_471,0.06512581281530742,2.5974225826000352,1.3312741977076714
MSISDN_472,0.33389523271027444,0.7588987611779047,0.5463969969440896
MSISDN_473,0.3910339780685389,0.9784598025365433,0.6847468903025411
MSISDN_474,0.20131816107793984,2.1221151016958824,1.1617166313869112
MSISDN_475,0.5567362188104096,2.3585102320561626,1.4576232254332862
MSISDN_476,0.36232275989576374,1.8772039228640602,1.119763341379912
MSISDN_477,0.12531145182597958,1.2965309866309112,0.7109212192284453
MSISDN_478,0.47112027258730216,1.7782011477042001,1.124660710145751
MSISDN_479,0.3447222223443607,2.8390882365059835,1.591905229425172
MSISDN_48,0.17059727210213108,1.4790763986497268,0.824836835375929
MSISDN_480,0.47486997033952155,0.27496310437611937,0.3749165373578205
MSISDN_481,0.5670094077308137,1.0798755467127823,0.823442477221798
MSISDN_482,0.11029323243334807,1.8459275997069222,0.9781104160701352
MSISDN_483,0.9385516505003484,0.2745348138199628,0.6065432321601556
MSISDN_484,0.0646366902286161,3.7958117305581047,1.9302242103933605
MSISDN_485,0.4233658950307266,0.9773360842418468,0.7003509896362867
MSISDN_486,0.23500524545033757,1.1522457583816437,0.6936255019159906
MSISDN_487,0.4652006982511919,1.9255621415904383,1.195381419920815
MSISDN_488,0.3679728015580627,2.138126146991604,1.2530494742748333
MSISDN_489,0.7749434757731922,1.276155931208862,1.025549703491027
MSISDN_49,0.041729207431128824,0.9385416389196121,0.49013542317537045
MSISDN_490,0.49682953213809583,1.3756089823928923,0.936219257265494
MSISDN_491,0.8072417627581674,1.254567144257608,1.0309044535078877
MSISDN_492,0.1676121140690947,2.086067482475383,1.126839798272239
MSISDN_493,0.05814273759031049,3.3139238336823147,1.6860332856363125
MSISDN_494,0.578458266832259,1.0177199384582738,0.7980891026452663
MSISDN_495,0.2974215702716127,0.8599170487449785,0.5786693095082956
MSISDN_496,0.5472771874532499,2.0290427192469958,1.288159953350123
MSISDN_497,0.3626780586039317,1.623561118141891,0.9931195883729114
MSISDN_498,0.4956441764645683,2.086207066883448,1.2909256216740082
MSISDN_499,0.4001427307954086,0.831173737260728,0.6156582340280683
MSISDN_5,0.060665667095480144,1.831362662167137,0.9460141646313086
MSISDN_50,0.4506140807688842,1.7765722293005048,1.1135931550346945
MSISDN_500,0.0718574442495775,2.9346489327486722,1.503253188499125
MSISDN_501,0.8193588640848067,2.1423441799117775,1.480851521998292
MSISDN_502,0.21023700412463006,2.4477201915752818,1.328978597849956
MSISDN_503,0.1341117100044072,0.9827991735316084,0.5584554417680078
MSISDN_504,0.11256995236495002,1.0222500474368041,0.567409999900877
MSISDN_505,0.3638413105702864,2.001404475580694,1.18262289307549
MSISDN_506,0.19716112122155838,2.695248587505592,1.4462048543635753
MSISDN_507,0.3210133413935301,3.123683830523602,1.722348585958566
MSISDN_508,0.10500733174439807,2.6505330910459652,1.3777702113951817
MSISDN_509,0.07303231458093555,2.514384292313392,1.2937083034471637
MSISDN_51,0.6109894520894438,1.3536129805711914,0.9823012163303175
MSISDN_510,0.08785685085528565,1.7051812577675658,0.8965190543114258
MSISDN_511,0.3731789989069882,0.7984590934235383,0.5858190461652633
MSISDN_512,0.6006713956622671,2.0215985185383776,1.3111349571003224
MSISDN_513,0.6771687464198799,0.549446497085381,0.6133076217526304
MSISDN_514,0.21754944340724502,2.579185388506907,1.398367415957076
MSISDN_515,0.22806185457775582,1.7830023458769593,1.0055321002273576
MSISDN_516,0.3065266753400192,1.8267901830905462,1.0666584292152828
MSISDN_517,0.4856990070921693,0.6395232190777749,0.562611113084972
MSISDN_518,0.2961711591882351,1.297408981075363,0.7967900701317991
MSISDN_519,0.05009599926905807,2.055096344579929,1.0525961719244934
MSISDN_52,0.6563057636369317,2.0078018061246685,1.3320537848808
MSISDN_520,0.126626558307943,2.111090456728626,1.1188585075182844
MSISDN_521,0.31006928140111895,1.7889282559851474,1.0494987686931332
MSISDN_522,0.25571348242948094,1.453478175045291,0.8545958287373859
MSISDN_523,0.11433188421572348,1.4265940492972213,0.7704629667564724
MSISDN_524,0.4216834086935174,1.7953249900222805,1.108504199357899
MSISDN_525,0.2184785730773824,1.7864406896304608,1.0024596313539216
MSISDN_526,0.29902528890879104,2.189743871755956,1.2443845803323734
MSISDN_527,0.46410844786252375,2.1322486835718326,1.2981785657171783
MSISDN_528,0.4830613799193831,2.434770982299948,1.4589161811096656
MSISDN_529,0.2708534868166268,2.0980067090750856,1.1844300979458562
MSISDN_53,0.6907364510280943,1.4374392162851972,1.0640878336566457
MSISDN_530,0.33053627269097424,1.574276982819833,0.9524066277554036
MSISDN_531,0.12536185430564228,3.8622914500181946,1.9938266521619186
MSISDN_532,0.5636506323710582,0.9394714233411858,0.751561027856122
MSISDN_533,0.4080494389797659,1.9207453768248108,1.1643974079022883
MSISDN_534,0.2916499028788133,2.929345438364957,1.6104976706218852
MSISDN_535,0.09029142881272474,1.370163198613413,0.7302273137130689
MSISDN_536,0.8303168510551946,1.8487243953611223,1.3395206232081585
MSISDN_537,0.557835504680087,1.261058610381707,0.909447057530897
MSISDN_538,0.25540549442836114,1.7032039310785712,0.9793047127534662
MSISDN_539,0.12124844140231623,3.5277599534594377,1.8245041974308769
MSISDN_54,0.11937472570923337,2.351445168980635,1.235409947344934
MSISDN_540,0.4052286581686524,0.8086852036997494,0.6069569309342009
MSISDN_541,0.15171121437428378,2.404421140691662,1.278066177532973
MSISDN_542,0.661955235024215,0.5355493350713255,0.5987522850477702
MSISDN_543,1.129070069429835,2.0237626308458507,1.5764163501378428
MSISDN_544,0.022307624509513065,2.301445074953531,1.161876349731522
MSISDN_545,0.6284355965022439,1.3569212230068186,0.9926784097545313
MSISDN_546,0.6310922088370478,0.5049955992014321,0.56804390401924
MSISDN_547,0.6570687654825018,2.0484939807124682,1.3527813730974851
MSISDN_548,0.06427282033659024,2.358712065241413,1.2114924427890015
MSISDN_549,0.14354584934761183,2.5847506358170826,1.3641482425823472
MSISDN_55,0.503401124812889,1.1201729892741739,0.8117870570435315
MSISDN_550,0.2905245085138973,0.8691811107091156,0.5798528096115064
MSISDN_551,0.13959115656664825,2.651276321553358,1.3954337390600031
MSISDN_552,0.5489126528070642,1.9891853509544255,1.2690490018807448
MSISDN_553,0.10388320972906101,1.2115212683550887,0.6577022390420748
MSISDN_554,0.0883574634097802,3.18781789980534,1.63808768160756
MSISDN_555,0.68570101973576,2.893436993330078,1.789569006532919
MSISDN_556,0.5976839113185108,2.0527550836442936,1.3252194974814022
MSISDN_557,0.18058420970586095,2.0566973673804494,1.118640788543155
MSISDN_558,0.08249319052978825,3.0440616947108787,1.5632774426203335
MSISDN_559,0.37808250725084885,1.0063099846599388,0.6921962459553939
MSISDN_56,0.5089911908871112,1.4088468062481443,0.9589189985676277
MSISDN_560,0.3329774356378121,0.6710489819795922,0.5020132088087021
MSISDN_561,0.46019564090699056,0.5407064845402648,0.5004510627236277
MSISDN_563,0.2336450568773776,2.5065574158927992,1.3701012363850884
MSISDN_565,0.36271378560693823,1.2433156443546725,0.8030147149808053
MSISDN_566,0.35882714172139774,0.5042434425958365,0.43153529215861713
MSISDN_567,0.07268653153774601,1.2857613421773957,0.6792239368575709
MSISDN_568,0.43081006049704634,1.6092430655154157,1.020026563006231
MSISDN_569,0.608746092097178,1.391274814530164,1.000010453313671
MSISDN_57,0.06864958970952288,2.665572421706272,1.3671110057078975
MSISDN_570,0.6379354980983939,2.4297455815358573,1.5338405398171255
MSISDN_571,0.1280894303408719,2.5936907648815626,1.3608900976112173
MSISDN_572,0.0803620658839561,1.5501417058289102,0.8152518858564332
MSISDN_573,0.22946012981523525,1.672681855461822,0.9510709926385286
MSISDN_574,0.13249450506293262,2.587350976627022,1.3599227408449774
MSISDN_575,0.18638740510389956,1.6552765486542984,0.920831976879099
MSISDN_576,0.7335742634016789,1.9522596900795488,1.342916976740614
MSISDN_577,0.36217151229730277,2.022654766265421,1.192413139281362
MSISDN_578,0.05811822676020968,3.56485290915023,1.8114855679552198
MSISDN_579,0.6109935618617852,1.7566990426196327,1.1838463022407089
MSISDN_58,0.720204162806294,1.113173971071476,0.916689066938885
MSISDN_580,0.17172464285920674,0.9697066102299238,0.5707156265445652
MSISDN_581,0.0711333253356878,3.1651827087852857,1.6181580170604868
MSISDN_582,0.2895463148987023,0.7289720156272982,0.5092591652630003
MSISDN_583,0.2967368217580939,1.7477260661496816,1.0222314439538878
MSISDN_584,0.1380516302465375,1.4833405509654545,0.810696090605996
MSISDN_585,0.24218935691133373,2.9700262151614782,1.606107786036406
MSISDN_586,0.13732367052420855,0.8871502512802659,0.5122369609022372
MSISDN_587,0.39556150655050754,1.6025204072290413,0.9990409568897745
MSISDN_588,0.2957646912686484,3.9620636091255927,2.1289141501971205
MSISDN_589,0.11724233301389757,1.4492362190714922,0.7832392760426949
MSISDN_59,0.184862916354927,4.234186708190766,2.2095248122728464
MSISDN_590,0.0677692168692047,2.0784662280516244,1.0731177224604145
MSISDN_591,0.5231842985485856,1.357212172121027,0.9401982353348064
MSISDN_592,0.20559415095267325,2.883110730398628,1.5443524406756506
MSISDN_593,0.08856384925032146,4.04261375919363,2.0655888042219757
MSISDN_594,0.20213764721834376,2.6449913179597786,1.4235644825890612
MSISDN_595,0.4226494636960839,1.614512643028622,1.018581053362353
MSISDN_596,0.42012811779209974,1.6394439378565768,1.0297860278243383
MSISDN_597,0.20361457352053008,0.7772003480831216,0.49040746080182585
MSISDN_598,0.29538181458866775,0.4518694177110334,0.37362561614985057
MSISDN_599,0.6701955147289826,2.3395829594850635,1.504889237107023
MSISDN_6,0.607708374542326,1.654620774654165,1.1311645745982455
MSISDN_60,0.4764349439897142,1.2953626901861266,0.8858988170879204
MSISDN_600,0.4062337327154986,2.1281328678198963,1.2671833002676975
MSISDN_601,0.4531531634882085,1.001684703680044,0.7274189335841262
MSISDN_602,0.33543825400125477,2.1390026265203153,1.237220440260785
MSISDN_603,0.20208323213845192,2.2839480635096914,1.2430156478240717
MSISDN_604,0.3158371045048372,1.7479485886658401,1.0318928465853388
MSISDN_605,0.3989405109179239,1.4326764172480126,0.9158084640829682
MSISDN_606,0.17077960317865767,1.6157430165735025,0.8932613098760801
MSISDN_607,0.34160326605874314,3.0836885930565217,1.7126459295576324
MSISDN_608,0.6594113312076543,1.8073943399893695,1.2334028355985118
MSISDN_609,0.08473504635087681,2.734052639377744,1.4093938428643102
MSISDN_61,0.29482821999257824,1.5103211126071987,0.9025746662998885
MSISDN_610,0.867439208083044,1.4962085275704986,1.1818238678267714
MSISDN_611,0.3663017383218075,1.0439239880642277,0.7051128631930176
MSISDN_612,0.3479028660626088,1.7890923276119421,1.0684975968372754
MSISDN_613,0.21380417903400345,1.2694472388312918,0.7416257089326477
MSISDN_614,0.1865588568075386,2.6538925485514646,1.4202257026795015
MSISDN_615,0.11121493722628695,1.9287201115256154,1.0199675243759512
MSISDN_616,0.5990837147824497,0.713492686898204,0.6562882008403268
MSISDN_617,0.32346644870330504,1.6807565528934743,1.0021115007983896
MSISDN_618,0.11861150444747116,2.3550897346178905,1.236850619532681
MSISDN_619,0.3426260770903991,1.4968026131529488,0.9197143451216739
MSISDN_62,0.07416889552866975,1.6996998445965636,0.8869343700626167
MSISDN_620,0.24813962632266356,1.318707613764023,0.7834236200433433
MSISDN_621,0.41815945709469576,0.9239605164160395,0.6710599867553676
MSISDN_622,0.22823852571992823,2.465413450992303,1.3468259883561156
MSISDN_623,0.7524698333994032,1.4835531070137697,1.1180114702065864
MSISDN_624,0.5670554777987942,2.1624488264483825,1.3647521521235884
MSISDN_625,0.6698832384652338,1.1103157283697864,0.8900994834175101
MSISDN_626,0.13731019917554138,1.0012701368508514,0.5692901680131964
MSISDN_627,0.2420814485983429,1.059433657435769,0.650757553017056
MSISDN_628,0.1848072879917064,4.420881216221375,2.3028442521065404
MSISDN_629,0.34584037925999855,0.8933088224772006,0.6195746008685996
MSISDN_63,0.22045646253020315,1.5931156939469064,0.9067860782385548
MSISDN_630,0.5059354105501389,1.5431870253580537,1.0245612179540964
MSISDN_631,0.21732059600561782,4.839196345112706,2.528258470559162
MSISDN_632,0.535361812063521,1.8729278449251312,1.2041448284943261
MSISDN_633,0.18193245705238306,1.3768049480479168,0.7793687025501499
MSISDN_634,0.6933119472990378,0.8571702652520425,0.7752411062755402
MSISDN_635,0.23132568878029705,1.8814784646077922,1.0564020766940447
MSISDN_636,0.1799750898419273,2.928539651340322,1.5542573705911247
MSISDN_637,0.5507944225550793,2.4374355079691474,1.4941149652621133
MSISDN_638,1.1313204623939117,1.3916318935426313,1.2614761779682715
MSISDN_639,0.3175816520322344,2.0100759256690903,1.1638287888506624
MSISDN_64,0.23893530245268543,3.2944550111335245,1.7666951567931048
MSISDN_640,0.05544882588495355,3.1353996079488073,1.5954242169168804
MSISDN_641,0.30304818962857,1.5404497763382474,0.9217489829834087
MSISDN_642,0.14220488554945518,1.87851754870986,1.0103612171296577
MSISDN_643,0.553926748130235,1.8421249397398436,1.1980258439350393
MSISDN_644,0.6648157830378432,1.8692445542725216,1.2670301686551824
MSISDN_645,0.16209185159767348,3.1835142210575826,1.672803036327628
MSISDN_646,0.4895021828819246,0.6943785668832371,0.5919403748825809
MSISDN_647,0.17660326171620527,1.8995691321492203,1.0380861969327129
MSISDN_648,0.5107883630061898,1.383761222515786,0.9472747927609879
MSISDN_649,0.6030447792193604,1.468397487018,1.0357211331186802
MSISDN_65,0.24776986574163784,2.2471125478452807,1.2474412067934593
MSISDN_650,0.791025852721942,1.7058548465016303,1.2484403496117862
MSISDN_651,0.3281031797724719,1.535759693437275,0.9319314366048734
MSISDN_652,0.2660575318436161,0.7889826741289074,0.5275201029862617
MSISDN_653,0.3118822065729129,1.101409228958028,0.7066457177654704
MSISDN_654,0.5778387428618994,0.8488109596330249,0.7133248512474621
MSISDN_655,0.11658141431859045,2.378343623086671,1.2474625187026307
MSISDN_656,0.1615134266341803,2.357847862690279,1.2596806446622295
MSISDN_657,0.1108489873221647,3.187464484266829,1.649156735794497
MSISDN_658,0.5774221915424815,1.557707425213283,1.0675648083778824
MSISDN_659,0.1840061155212108,1.8182776408690415,1.0011418781951262
MSISDN_66,0.677496706150965,1.070415990402202,0.8739563482765835
MSISDN_660,0.40717130343711966,1.5233455329824972,0.9652584182098084
MSISDN_661,0.8026442045661123,1.002164207993021,0.9024042062795667
MSISDN_662,0.1604538055702557,2.9818420003812696,1.5711479029757627
MSISDN_663,0.8250167872638701,0.703086572720913,0.7640516799923915
MSISDN_664,0.7068745570970182,2.1363709267112636,1.421622741904141
MSISDN_665,0.10909442149655503,3.144734448699636,1.6269144350980955
MSISDN_666,0.30620373927008065,1.6186125514276961,0.9624081453488884
MSISDN_667,0.8248185237218985,1.1968123533295478,1.010815438525723
MSISDN_668,0.6836322797981894,0.6962858186416205,0.689959049219905
MSISDN_669,0.025751915967450707,3.4728794289191613,1.749315672443306
MSISDN_67,0.4083879207532992,1.4827209770993415,0.9455544489263203
MSISDN_670,0.33376545598662727,1.0627450351377565,0.6982552455621919
MSISDN_671,0.2715092221317887,1.0482226582090126,0.6598659401704007
MSISDN_672,0.34129618692283387,1.1494169853479022,0.745356586135368
MSISDN_673,0.086718790912208,3.4654021583992214,1.7760604746557147
MSISDN_674,0.13264182919624448,2.0577416280722884,1.0951917286342665
MSISDN_675,0.45118957352919475,1.9891537586245676,1.220171666076881
MSISDN_676,0.40063707335227905,1.138733685927864,0.7696853796400716
MSISDN_677,0.08733153583580931,2.365874468622851,1.2266030022293302
MSISDN_678,0.2955058263239346,1.0687010240151518,0.6821034251695431
MSISDN_679,0.3801331042546792,1.6599248044003803,1.0200289543275298
MSISDN_68,0.19090205478528535,1.421117084432092,0.8060095696086886
MSISDN_680,0.09977456128255713,2.6108175684019135,1.3552960648422352
MSISDN_681,0.48087494092585803,2.554748860794806,1.5178119008603321
MSISDN_682,0.30184280206013736,1.382922026627386,0.8423824143437617
MSISDN_683,0.5536064032185813,0.7739233349170731,0.6637648690678273
MSISDN_684,0.7665201437937122,0.504186739845944,0.6353534418198281
MSISDN_685,0.9074643639476361,1.4978787330645045,1.2026715485060704
MSISDN_686,0.7062559743071244,0.8752129173829962,0.7907344458450603
MSISDN_687,0.6286637098279857,1.6702267826540913,1.1494452462410385
MSISDN_688,0.4446317855383509,1.6110682040503759,1.0278499947943633
MSISDN_689,0.07469043260887297,3.525251416736509,1.7999709246726912
MSISDN_69,0.5709112313205824,2.1594833552684274,1.365197293294505
MSISDN_690,0.6584074598892012,2.6121686251056864,1.6352880424974439
MSISDN_691,0.31066945728452794,2.2717061333071955,1.2911877952958617
MSISDN_692,0.057172462081049646,1.5034652979750978,0.7803188800280737
MSISDN_693,0.25557913578142677,2.694838943046374,1.4752090394139006
MSISDN_694,0.42735558224613335,0.7677243156776778,0.5975399489619055
MSISDN_695,0.15798936813925,1.673565693992827,0.9157775310660384
MSISDN_696,0.1733059172403507,1.3591521308630643,0.7662290240517075
MSISDN_697,0.234002813869756,1.096622744226224,0.66531277904799
MSISDN_698,0.3900859432291165,2.004734566795811,1.197410255012464
MSISDN_699,0.3739853544722733,1.2520686259454314,0.8130269902088524
MSISDN_7,0.6050324681384194,1.2669344201508093,0.9359834441446143
MSISDN_70,0.4115050275203358,1.0372254585090828,0.7243652430147093
MSISDN_700,0.4153538748753415,1.317109113751957,0.8662314943136493
MSISDN_701,0.31645700095351265,1.2011188237588324,0.7587879123561725
MSISDN_702,0.4353509508919753,0.5944876372483078,0.5149192940701415
MSISDN_703,0.060159467027841314,3.7179571665798115,1.8890583168038264
MSISDN_704,0.2344710441836435,3.1938476280636796,1.7141593361236616
MSISDN_705,0.23112488057375632,2.5189253264622886,1.3750251035180225
MSISDN_706,0.10710260554539142,1.310589200293864,0.7088459029196277
MSISDN_707,0.31785296406752633,2.72245906852565,1.5201560162965881
MSISDN_708,0.40097229388679095,1.4466898767169094,0.9238310853018502
MSISDN_709,0.703332212269297,2.4207965547382586,1.5620643835037777
MSISDN_71,0.18538849120840506,4.049367320916552,2.1173779060624787
MSISDN_710,0.774440014985438,2.0131812259265582,1.3938106204559981
MSISDN_711,0.13498606802599317,3.5549556016319066,1.84497083482895
MSISDN_712,0.612371093112832,1.572290934695838,1.092331013904335
MSISDN_713,0.24407481655330424,1.599867679229924,0.9219712478916141
MSISDN_714,0.06359978680168274,3.2965036502142273,1.680051718507955
MSISDN_715,0.1618606907061846,3.2737610782710034,1.717810884488594
MSISDN_716,0.07648972085446339,2.7533036916093487,1.414896706231906
MSISDN_717,0.029193774243825986,1.1209978504457274,0.5750958123447767
MSISDN_718,0.3309759132285276,1.345645379402628,0.8383106463155778
MSISDN_719,0.5800462762206681,1.321723920811436,0.950885098516052
MSISDN_72,0.11467041342726007,3.6846006931085236,1.899635553267892
MSISDN_720,0.12154313614395164,1.7734012843581985,0.9474722102510751
MSISDN_721,0.057581924605533505,1.6890406212986264,0.87331127295208
MSISDN_722,0.3180788794628724,0.8323082975121322,0.5751935884875023
MSISDN_723,0.3493595321868571,1.4484700711977754,0.8989148016923163
MSISDN_724,0.4142943884502974,1.0592720833158284,0.7367832358830629
MSISDN_725,0.165157278274902,1.7862310628280558,0.9756941705514789
MSISDN_726,0.23616652031702406,3.8706968828413197,2.053431701579172
MSISDN_727,0.19220455570852774,2.215322440604073,1.2037634981563003
MSISDN_728,0.37193062541616567,1.0667240346798716,0.7193273300480186
MSISDN_729,0.3584969073238016,2.2715017029519364,1.314999305137869
MSISDN_73,0.40159179870621664,1.1982598044532262,0.7999258015797215
MSISDN_730,0.2216804934364587,3.242477403269326,1.7320789483528924
MSISDN_731,0.06870085289832227,2.045520257421935,1.0571105551601288
MSISDN_732,0.052305297700066464,2.372096957817446,1.212201127758756
MSISDN_733,0.3521162647279594,1.5193647270189783,0.9357404958734689
MSISDN_735,0.8222154287494107,1.1533409802476713,0.987778204498541
MSISDN_736,0.441864236169912,1.6183474078363729,1.0301058220031425
MSISDN_737,0.2805751827508514,1.8200223862174554,1.0502987844841534
MSISDN_738,0.07358280557746769,1.5226650969104176,0.7981239512439426
MSISDN_739,0.3745025413977006,1.1173085450772744,0.7459055432374875
MSISDN_74,0.3300952542716943,1.4712052805137388,0.9006502673927166
MSISDN_740,0.09262816610155873,3.5523442250565402,1.8224861955790495
MSISDN_741,0.1141281230557662,2.0836440078633873,1.0988860654595767
MSISDN_742,0.4650177479313638,1.4460349753354982,0.955526361633431
MSISDN_743,0.614669440933728,2.395984005398656,1.505326723166192
MSISDN_744,0.4184093111251487,1.6352363171391393,1.026822814132144
MSISDN_745,0.32986762746633186,1.0875695791531812,0.7087186033097566
MSISDN_746,0.370332538090213,2.4426449263518513,1.4064887322210322
MSISDN_747,0.12435029887181466,2.433222429138538,1.2787863640051762
MSISDN_748,0.2095009956885074,1.8961284829625666,1.052814739325537
MSISDN_749,0.4479692556195702,0.8033879865935825,0.6256786211065763
MSISDN_75,0.09993885712452076,2.079351800588428,1.0896453288564742
MSISDN_750,0.3609593395670775,0.7080345765904449,0.5344969580787612
MSISDN_751,0.5785829293981577,2.3715877343661105,1.4750853318821342
MSISDN_752,0.35826567771456225,2.5845796669712886,1.4714226723429253
MSISDN_753,1.1112980613971997,0.6075964011738026,0.8594472312855012
MSISDN_754,0.6335921826945208,1.3449493082306703,0.9892707454625955
MSISDN_755,0.07921396080418218,1.0131098273935055,0.5461618940988439
MSISDN_756,0.5195796729069025,1.09751849261258,0.8085490827597412
MSISDN_757,0.47852341291807665,0.2784369142892276,0.3784801636036521
MSISDN_758,0.4196943486250288,1.825155891847093,1.122425120236061
MSISDN_759,0.7099751220312717,0.6568906965493022,0.6834329092902869
MSISDN_76,0.40678530884420067,1.177570206320356,0.7921777575822783
MSISDN_760,0.12181986830245467,1.897278437704815,1.009549153003635
MSISDN_761,0.6127499032832159,1.206091956441535,0.9094209298623754
MSISDN_762,0.3820080823513551,1.2417098603136385,0.8118589713324968
MSISDN_763,0.42891921185288717,0.5793324888539853,0.5041258503534363
MSISDN_764,0.13790273224485863,2.570558504000239,1.3542306181225487
MSISDN_765,0.14303469358321108,2.030002313837617,1.086518503710414
MSISDN_766,0.1899049289749778,2.0633290873193206,1.1266170081471492
MSISDN_767,0.6602927845632353,0.9395702851250771,0.7999315348441562
MSISDN_769,0.24341976027830356,1.6921802429291397,0.9678000016037216
MSISDN_77,0.4383386046102593,2.4619308096967796,1.4501347071535196
MSISDN_770,0.7256927269704251,1.601010917839801,1.1633518224051131
MSISDN_771,0.21155259824334002,1.0606624791001587,0.6361075386717493
MSISDN_772,0.4220762704843502,1.9216243156414616,1.171850293062906
MSISDN_773,0.05160405175568584,2.080431786853377,1.0660179193045314
MSISDN_774,0.41280377612528235,1.446332013460088,0.9295678947926852
MSISDN_775,0.3954322345735075,2.1257448793927716,1.2605885569831394
MSISDN_776,0.16689666610805728,2.5745788284252864,1.3707377472666717
MSISDN_777,0.1778467710609782,1.0038732852041274,0.5908600281325528
MSISDN_778,0.609955987130787,1.896635857879987,1.253295922505387
MSISDN_779,0.6269505587844938,0.33953537295443664,0.48324296586946525
MSISDN_78,0.08006202684590094,0.6705590943496493,0.3753105605977751
MSISDN_780,0.4583994451349872,1.7539524589757671,1.106175952055377
MSISDN_781,0.8602118709956214,1.3141731942964945,1.0871925326460579
MSISDN_782,0.3132995534848653,0.9515514498286838,0.6324255016567746
MSISDN_783,0.1088957665929333,1.3792491195461112,0.7440724430695222
MSISDN_784,0.4502662722830903,1.3997733546491022,0.9250198134660963
MSISDN_785,0.5517311894916224,0.4079693799360904,0.4798502847138564
MSISDN_786,0.5801151241441082,2.583091566936285,1.5816033455401965
MSISDN_787,0.47982395286121954,1.6720491139264635,1.0759365333938415
MSISDN_788,0.07343425939708863,3.7921646350894935,1.932799447243291
MSISDN_789,0.37762153808120935,1.1205837892428003,0.7491026636620048
MSISDN_79,0.46457279293174025,1.254450464247897,0.8595116285898187
MSISDN_790,0.027896559661482016,2.553112853175083,1.2905047064182826
MSISDN_791,0.03788190939750757,2.3627967627977413,1.2003393360976244
MSISDN_792,0.04926139281528542,1.7605518570630434,0.9049066249391644
MSISDN_793,0.23372828155869776,2.424926263478625,1.3293272725186613
MSISDN_794,0.6928456029991555,1.8655432641964307,1.2791944335977932
MSISDN_795,0.4736185294824569,1.8726921296361798,1.1731553295593184
MSISDN_796,0.08842714039925667,1.0577663073820447,0.5730967238906507
MSISDN_797,0.4788264835874819,0.6666624630406809,0.5727444733140814
MSISDN_799,1.0180968711988856,1.6774800188593422,1.347788445029114
MSISDN_8,0.19988997636475592,2.3647174826373396,1.2823037295010478
MSISDN_80,0.7333543627169058,1.4230800239886205,1.0782171933527631
MSISDN_800,0.2739105530141638,2.01567345169135,1.144792002352757
MSISDN_801,0.5466652984292191,0.9657700182354212,0.7562176583323201
MSISDN_802,0.1566651144616714,1.4871512812016916,0.8219081978316815
MSISDN_803,0.40310245296492014,1.0884182141662022,0.7457603335655612
MSISDN_804,0.11516264692128238,2.1552449391650215,1.135203793043152
MSISDN_805,0.1384251554642735,1.7976567311235296,0.9680409432939016
MSISDN_806,0.07380586471479182,3.4176034631377754,1.7457046639262837
MSISDN_807,0.12344281305560842,1.6751186100347606,0.8992807115451845
MSISDN_808,0.24392407806029678,0.5167567121017592,0.380340395081028
MSISDN_809,0.09383808740658035,1.6921452830781414,0.8929916852423608
MSISDN_81,0.1937270815763463,0.5556888355486448,0.37470795856249556
MSISDN_810,0.0797446093469272,1.2814527232516137,0.6805986662992705
MSISDN_811,0.06752832230746472,2.813461649981983,1.4404949861447238
MSISDN_812,0.18645852806185792,1.5776662158022876,0.8820623719320728
MSISDN_813,0.05773728766300126,2.471921757053576,1.2648295223582886
MSISDN_814,0.4724906769549132,0.8140475632222081,0.6432691200885606
MSISDN_815,0.19770244879966242,2.890342780486019,1.5440226146428406
MSISDN_816,0.16847326388834538,2.574496122946629,1.3714846934174874
MSISDN_817,0.7018458048738723,0.759116653641477,0.7304812292576746
MSISDN_818,0.06357771006894454,3.970777071966024,2.0171773910174844
MSISDN_819,0.09823248065664261,1.3614038617509994,0.729818171203821
MSISDN_82,0.5750021242223065,0.6703931456019874,0.6226976349121469
MSISDN_820,0.038462726855216296,2.6466283735201466,1.3425455501876815
MSISDN_821,0.2580870878852752,1.53120021039513,0.8946436491402027
MSISDN_822,0.16412808120180866,1.320071798348146,0.7420999397749773
MSISDN_823,0.2588026949330885,0.3491169694067645,0.3039598321699265
MSISDN_824,0.4383987170279572,2.1798933343644906,1.309146025696224
MSISDN_825,0.7379589239939456,1.0038180526126583,0.8708884883033019
MSISDN_826,0.10176721208853222,1.3400844208911404,0.7209258164898363
MSISDN_827,0.046620536168503604,0.7714380766568637,0.40902930641268365
MSISDN_828,0.24276691944731543,3.4397674287891498,1.8412671741182325
MSISDN_829,0.4029113598828805,2.263060592943096,1.332985976412988
MSISDN_830,0.3913599110188132,1.4945066287055309,0.942933269862172
MSISDN_831,0.5127553562368307,1.2883176620974088,0.9005365091671198
MSISDN_833,0.3139247879348177,2.590950600489113,1.4524376942119654
MSISDN_834,0.12594162413274984,1.2639501529438073,0.6949458885382785
MSISDN_835,0.23885667088768034,3.0149990598011285,1.6269278653444044
MSISDN_836,0.05920325322853744,1.6397454378981928,0.8494743455633651
MSISDN_837,0.4350265696508342,1.0378626639716624,0.7364446168112483
MSISDN_838,0.3377568287564988,0.8373657585616995,0.5875612936590991
MSISDN_839,0.45747898216333194,1.5961025910810616,1.0267907866221968
MSISDN_84,0.16552606443405815,3.531197360662769,1.8483617125484137
MSISDN_840,0.621765640343714,1.3484175901303523,0.9850916152370331
MSISDN_841,0.07149294562717995,3.3260044599573364,1.698748702792258
MSISDN_842,0.08140582177289923,2.478900589278426,1.2801532055256626
MSISDN_843,0.19217928530741055,0.8133134074051569,0.5027463463562837
MSISDN_844,0.3203915645215141,2.431304943082629,1.3758482538020715
MSISDN_845,0.19900918800902367,1.7704508576758464,0.984730022842435
MSISDN_846,0.1336409725119342,2.4095835155467977,1.271612244029366
MSISDN_847,0.7437220426177379,0.8183804902179341,0.781051266417836
MSISDN_848,0.6747379318842878,1.7362537526540893,1.2054958422691886
MSISDN_849,0.1757916559873484,4.878086373644962,2.526939014816155
MSISDN_85,0.24901382940068595,1.0174028213412927,0.6332083253709893
MSISDN_850,0.09311538198458937,1.4671610494887513,0.7801382157366703
MSISDN_851,0.11193308307075048,2.2241720097204887,1.1680525463956195
MSISDN_852,0.5105078759065252,1.6493519924745759,1.0799299341905506
MSISDN_853,0.4899959627818567,2.4707157576807326,1.4803558602312947
MSISDN_854,0.3335137738337083,1.5508115329412488,0.9421626533874785
MSISDN_855,0.09373541264598328,1.3123267452160545,0.7030310789310189
MSISDN_856,0.05209834064947135,1.7780845863281851,0.9150914634888282
MSISDN_857,0.4051326186706406,2.291439882673201,1.3482862506719209
MSISDN_858,0.30500172604033954,1.111471193195862,0.7082364596181008
MSISDN_859,0.3739299457355683,1.3608476740316826,0.8673888098836254
MSISDN_86,0.07972616503930359,1.9879399329152054,1.0338330489772545
MSISDN_860,0.20117746829140812,1.1499785035597259,0.675577985925567
MSISDN_861,0.5282814329781469,1.4586699320947651,0.993475682536456
MSISDN_862,0.3820971672986457,1.0149890003794715,0.6985430838390586
MSISDN_863,0.4968332483436958,1.5040489242024808,1.0004410862730884
MSISDN_864,0.5581438601533153,1.3526185294676014,0.9553811948104584
MSISDN_865,0.20230676689155366,3.027884525603691,1.6150956462476223
MSISDN_866,0.5143155689417864,1.4265599007567549,0.9704377348492707
MSISDN_867,0.41680398180312245,3.437093192504437,1.9269485871537797
MSISDN_868,0.616891028218574,1.6913690924517635,1.1541300603351687
MSISDN_869,0.2983054798375634,1.547702404078773,0.9230039419581682
MSISDN_87,0.22080962137077675,2.408055614112664,1.3144326177417203
MSISDN_870,0.11915913326863127,1.7484133756558102,0.9337862544622207
MSISDN_871,0.34638070692630857,1.3229540343669328,0.8346673706466207
MSISDN_872,0.3220949029526062,2.018484114368404,1.1702895086605052
MSISDN_873,0.2770863770824801,3.6925057805525925,1.9847960788175363
MSISDN_874,0.7885128406664426,1.361169496367357,1.0748411685168997
MSISDN_875,0.6477511871412768,2.1442457221979416,1.3959984546696091
MSISDN_876,0.6753692736696865,0.8516781222302094,0.763523697949948
MSISDN_877,0.30153336358465754,2.316136151510461,1.3088347575475592
MSISDN_878,0.6364867483903104,1.081646495308641,0.8590666218494758
MSISDN_879,0.460473491950578,1.2936093837041651,0.8770414378273715
MSISDN_88,0.08340364207876903,1.6808148596803762,0.8821092508795726
MSISDN_880,0.4053340230827829,2.03441153072502,1.2198727769039013
MSISDN_881,0.447274376220687,0.8549553307956401,0.6511148535081636
MSISDN_882,0.31166646364080136,1.3591398926078688,0.8354031781243351
MSISDN_883,0.07721593459027706,3.391170683066318,1.7341933088282975
MSISDN_884,0.603898407126478,2.445774757527108,1.5248365823267929
MSISDN_885,0.1405818069816035,1.6329671569037596,0.8867744819426815
MSISDN_886,0.10610178712597007,1.830513758408164,0.968307772767067
MSISDN_887,0.32870245814505605,1.3141575070832128,0.8214299826141345
MSISDN_888,0.06519712709997233,2.6248339399117024,1.3450155335058374
MSISDN_889,0.41150834067959535,1.457791641251376,0.9346499909654857
MSISDN_89,0.09205144752448995,2.026029820950109,1.0590406342372995
MSISDN_890,0.528370938786346,0.7714757991728859,0.649923368979616
MSISDN_891,0.4047199239651902,1.2241759679909054,0.8144479459780478
MSISDN_892,0.5745443671143281,1.9752890203457731,1.2749166937300507
MSISDN_893,0.3292849230822274,1.4708640870248515,0.9000745050535395
MSISDN_894,0.601514346363696,0.9472348930027052,0.7743746196832006
MSISDN_895,0.8199625739969246,1.299171234867672,1.0595669044322984
MSISDN_896,1.0302596886500617,0.9929186961010169,1.0115891923755393
MSISDN_897,0.6487871158129912,2.1343888222007537,1.3915879690068724
MSISDN_898,0.34837839244928775,1.6204333166182765,0.9844058545337822
MSISDN_899,0.5077380823558999,2.694310353855856,1.601024218105878
MSISDN_9,0.22891807419412694,5.199488933911993,2.7142035040530597
MSISDN_90,0.5896666823219248,1.7843629141613657,1.1870147982416452
MSISDN_900,0.5001986916574112,1.665237164453074,1.0827179280552426
MSISDN_901,0.9208842664096513,1.5596101891764595,1.2402472277930554
MSISDN_902,0.8605494875064013,1.272123038742144,1.0663362631242728
MSISDN_903,0.08374460092075986,1.1667669163060046,0.6252557586133822
MSISDN_904,0.14584837006335277,3.425465648294254,1.7856570091788033
MSISDN_905,0.46305201167870436,2.034700992037734,1.2488765018582193
MSISDN_906,0.2818226645454721,2.408288712166633,1.3450556883560525
MSISDN_907,0.473246707321158,1.336578892386474,0.904912799853816
MSISDN_908,0.3209606886105132,0.7351055870081012,0.5280331378093073
MSISDN_909,0.1385406170716825,2.4615770671265906,1.3000588420991366
MSISDN_91,0.6918776271505097,1.4362473516996486,1.0640624894250792
MSISDN_910,0.3076815811772378,1.4099427530185822,0.85881216709791
MSISDN_911,0.32477815788292064,1.6392180684452862,0.9819981131641033
MSISDN_912,0.2878680769404556,1.4059983102914493,0.8469331936159524
MSISDN_913,0.5871795453573886,1.8631853479323326,1.2251824466448606
MSISDN_914,0.15538084256120618,2.7026045924876465,1.4289927175244264
MSISDN_915,0.09620160357540528,2.1650251084792833,1.1306133560273444
MSISDN_916,0.31013414702949815,2.0853878155107215,1.1977609812701098
MSISDN_917,0.4053899702899371,1.8923154036025847,1.148852686946261
MSISDN_918,0.15116229754806904,1.93458562678635,1.0428739621672094
MSISDN_919,0.3597400555923354,2.1160739379639213,1.2379069967781284
MSISDN_92,0.06353271336014592,4.380424455372021,2.221978584366083
MSISDN_920,0.41176724269390547,1.8430863463809763,1.127426794537441
MSISDN_921,0.0737741907881786,1.644246365928069,0.8590102783581238
MSISDN_922,0.23899120979177302,2.268580779334586,1.2537859945631795
MSISDN_923,0.5935551469019484,1.156489109464882,0.8750221281834152
MSISDN_924,0.980192249716423,2.0972818698544557,1.5387370597854395
MSISDN_925,0.394601354919713,2.3768924748666187,1.3857469148931658
MSISDN_926,0.29638814332782976,2.640417023173013,1.4684025832504215
MSISDN_927,0.13778257414953812,1.2751686425246245,0.7064756083370813
MSISDN_928,0.42776949584854784,1.5053801913477793,0.9665748435981636
MSISDN_929,0.33914387285868175,2.5236648266439956,1.4314043497513387
MSISDN_93,0.07542929873596346,0.5247340893290403,0.3000816940325019
MSISDN_930,0.3239070783913956,1.8273694480555447,1.0756382632234702
MSISDN_931,0.1534301862481455,1.7883501987255657,0.9708901924868556
MSISDN_932,0.6610443490744815,1.8412794093582388,1.2511618792163601
MSISDN_933,0.20939099967878944,1.8812849662522773,1.0453379829655334
MSISDN_934,0.09508682364561832,0.8598800505423306,0.47748343709397445
MSISDN_935,0.11300623353430825,1.7215678682664546,0.9172870509003814
MSISDN_936,0.2857195296931608,1.8553861615849077,1.0705528456390343
MSISDN_937,0.47368639683857855,1.6221916009839725,1.0479389989112755
MSISDN_938,0.5791335472099421,1.1444908051468659,0.861812176178404
MSISDN_939,0.3388502899106515,1.943870383255545,1.1413603365830982
MSISDN_94,0.23061561317228724,1.9318912410026938,1.0812534270874905
MSISDN_940,0.0846920422316015,2.6832995657238197,1.3839958039777105
MSISDN_941,0.07174258398946548,2.1879319950731997,1.1298372895313327
MSISDN_942,0.3107186254867685,1.047299115885937,0.6790088706863527
MSISDN_943,0.13912906337975361,0.9045840782359353,0.5218565708078444
MSISDN_944,0.5417321497588331,1.4674935877926405,1.0046128687757367
MSISDN_945,0.912105730096446,2.412813720591089,1.6624597253437674
MSISDN_946,0.449493067300886,1.615886416870277,1.0326897420855814
MSISDN_947,0.4028962684244034,1.8046567313800521,1.1037764999022277
MSISDN_948,0.4120650999229781,0.8641726475352262,0.6381188737291021
MSISDN_949,0.31602485933020863,0.8042800487485912,0.5601524540393998
MSISDN_95,0.14242462497190925,2.0250261420468796,1.0837253835093945
MSISDN_950,0.07028704227372465,2.549006056928918,1.3096465496013212
MSISDN_951,0.3735754899674181,2.433236253595993,1.4034058717817055
MSISDN_952,0.20483890838864957,2.116385705626229,1.1606123070074394
MSISDN_953,0.3243399639532944,2.103407380089694,1.2138736720214942
MSISDN_954,0.13176549050437916,2.329708020072761,1.23073675528857
MSISDN_955,0.34030208299298265,2.2317211966001986,1.2860116397965906
MSISDN_956,0.3715256584495392,3.015905980786119,1.6937158196178292
MSISDN_957,0.2098281076870891,1.544043507278372,0.8769358074827306
MSISDN_958,0.637855660824014,0.7891388112684158,0.7134972360462148
MSISDN_959,0.14419159759171746,1.2213924578521436,0.6827920277219305
MSISDN_96,0.21772682006895105,1.1408730622179752,0.6792999411434631
MSISDN_960,0.17740293164939666,1.3989079331025294,0.788155432375963
MSISDN_961,0.13144610029010914,1.1133423826247957,0.6223942414574524
MSISDN_962,0.24006911222861413,2.1285144292654845,1.1842917707470493
MSISDN_963,0.2383874168374557,1.144863796387782,0.6916256066126188
MSISDN_964,0.09692095575880302,1.22584748418711,0.6613842199729566
MSISDN_965,0.35897949306750243,1.6927781232629755,1.025878808165239
MSISDN_966,0.5480284405637003,1.1277285165855981,0.8378784785746491
MSISDN_967,0.04077476765956418,2.431565599467689,1.2361701835636265
MSISDN_968,0.3837268223280044,1.8089302535455607,1.0963285379367826
MSISDN_969,0.964321569495139,1.9351007606438677,1.4497111650695034
MSISDN_97,0.5569929969405297,1.1977649294241153,0.8773789631823226
MSISDN_970,0.20582316667503936,1.226382392160593,0.7161027794178162
MSISDN_971,0.1037033883183813,2.4451244971852475,1.2744139427518144
MSISDN_972,0.18036950151608985,2.576141263229625,1.3782553823728574
MSISDN_973,0.1675239193405468,1.2486226974495762,0.7080733083950616
MSISDN_974,0.24042779915510185,3.134794201113648,1.687611000134375
MSISDN_975,0.04121893315977723,1.5360773011356963,0.7886481171477367
MSISDN_976,0.45719346740779937,1.1771074452558477,0.8171504563318235
MSISDN_977,0.10677286022447158,2.854283841027194,1.4805283506258327
MSISDN_978,0.14509326674081519,0.9976173051723332,0.5713552859565741
MSISDN_979,0.21643383146757306,3.3003050159662113,1.758369423716892
MSISDN_98,0.15598431084863498,3.0624864053148695,1.6092353580817522
MSISDN_980,0.4474687450861881,1.4212402475610129,0.9343544963236005
MSISDN_981,0.18180871944619217,2.1226177553825996,1.1522132374143959
MSISDN_982,0.4603435713682967,1.9481207332986816,1.2042321523334891
MSISDN_983,0.5864125044667363,1.2749540883942447,0.9306832964304905
MSISDN_984,0.20875454734032045,2.8145688208247455,1.511661684082533
MSISDN_985,0.42227987466639766,1.6780447642356537,1.0501623194510257
MSISDN_986,0.03749200786051623,0.9723585927541821,0.5049253003073492
MSISDN_987,0.7118746003566984,0.763308888213362,0.7375917442850302
MSISDN_988,0.5536281960728722,1.9957739478581324,1.2747010719655023
MSISDN_989,0.4327492950963911,0.4737609354834395,0.4532551152899153
MSISDN_99,0.07549889061890797,2.1848287864742852,1.1301638385465966
MSISDN_990,0.39029639729729054,1.7165160233840904,1.0534062103406905
MSISDN_991,0.561370802250628,1.3677132653620272,0.9645420338063275
MSISDN_992,0.4382669086727139,0.46480018009478946,0.4515335443837517
MSISDN_993,0.4065906889223372,1.9299863578620695,1.1682885233922033
MSISDN_994,0.48373945617353753,2.0235705046582817,1.2536549804159096
MSISDN_995,0.3002372814756902,2.3070658512756936,1.303651566375692
MSISDN_996,0.2429048933460477,2.1946397715222816,1.2187723324341646
MSISDN_997,0.08122057176646455,3.8696204695510956,1.97542052065878
MSISDN_998,0.25226159904891543,0.4132353416801911,0.33274847036455324
MSISDN_999,0.5048833836885593,1.1234844069114889,0.8141838953000241
